Top queries,Clicks,Impressions,CTR,Position
sportingtech,770,1546,49.81%,1.03
sporting tech,205,377,54.38%,1.46
sportingtech careers,79,93,84.95%,1
eoih8qbjzwg3o3iesc96tivyq827mu,40,235,17.02%,1
sportingtech malta,28,51,54.9%,1
sportintech,24,84,28.57%,3.68
sportingtech sofia,18,198,9.09%,1.01
sporting casino,14,926,1.51%,9.59
oleybet,8,240,3.33%,4.54
sportsbook demo,7,104,6.73%,6.41
sportsbook platform,5,8520,0.06%,5.99
demo sport betting,5,28,17.86%,6.32
sporting solutions careers,3,45,6.67%,7.42
sportech careers,3,11,27.27%,5.55
sportsbook provider,2,2681,0.07%,13.94
mola casino,2,151,1.32%,6.99
sports betting demo account,2,61,3.28%,8.43
sport tech jobs,2,58,3.45%,8.34
sportingtech company,2,55,3.64%,1
sport betting demo account,2,22,9.09%,9.5
sportingtech logo,2,9,22.22%,1
tom ustunel,2,5,40%,3
sportingtech brazil,2,4,50%,1
bg gaming casino,2,4,50%,7
sportsbook software,1,10864,0.01%,15.69
sportsbook software provider,1,3056,0.03%,19.48
juicebet,1,1588,0.06%,7.4
sportsbook software solution,1,1216,0.08%,32.36
sport tech,1,240,0.42%,16.77
sportsbook,1,182,0.55%,22.08
sporting technology,1,172,0.58%,8.15
b2b sportsbook,1,170,0.59%,29.04
juicebet kenya,1,104,0.96%,10.17
world cup widget,1,68,1.47%,8.34
888africa,1,64,1.56%,8.5
sports technology careers,1,44,2.27%,11.36
casino sporting,1,42,2.38%,6.64
sport technology jobs,1,29,3.45%,8.07
sports betting demo,1,14,7.14%,8.43
betting platform,1,13,7.69%,76.46
sportsbook platforms,1,11,9.09%,8.18
sportingtech.com,1,9,11.11%,1
cassino sportingtech,1,7,14.29%,1
sbtech sportsbook,1,7,14.29%,10.43
avenue sporting technology limited,1,2,50%,7
igaming solutions provider,1,2,50%,7.5
yes pls,1,1,100%,1
oleybet brasil,1,1,100%,5
juice casino,1,1,100%,12
sportsbook solution,0,7097,0%,26.09
online sportsbook software,0,6204,0%,12.95
sportsbook solutions,0,4280,0%,34.55
sports betting software,0,4086,0%,23.5
sportsbook management software,0,4036,0%,6.11
sports book software,0,2924,0%,10.34
sportsbook betting software,0,2137,0%,14.76
sports betting solution,0,2057,0%,29.43
sportsbook software for sale,0,1618,0%,14.38
sport betting software,0,1582,0%,25.34
software sportsbook,0,1485,0%,18.53
sportsbetting software,0,1465,0%,27.78
gamingtec sportingtech,0,1324,0%,18.32
sportsbook platform provider,0,1319,0%,12.54
sportsbook platform providers,0,1286,0%,11.2
online sports betting software,0,1215,0%,21.48
sporting tech n.v.,0,1164,0%,9.29
gamingtec sportingtec,0,1077,0%,4.54
sports bookie software,0,1036,0%,23.53
sports betting solutions,0,960,0%,32.64
sportsbook management solution,0,904,0%,12.48
sportbook software,0,888,0%,11.07
sports bookmaking software,0,870,0%,23.05
buy sportsbook software,0,864,0%,26.82
sports betting software provider,0,858,0%,17.34
sports betting software providers,0,856,0%,18.55
sports gambling software,0,771,0%,21.19
sport bet software,0,762,0%,21.01
buy online sportsbook software,0,705,0%,27.14
sportsbook software providers,0,704,0%,17.89
sports betting software platform,0,636,0%,17.37
sports betting software solution,0,620,0%,30.09
online sportsbook software providers,0,599,0%,16.45
sportsbook software solutions,0,566,0%,33.88
sportsbook b2b,0,551,0%,20.85
sportsbook b2b platform,0,537,0%,13.65
sports wagering software,0,520,0%,23.12
meltingtopgames betting on data,0,510,0%,5.77
plataforma igaming,0,499,0%,16.5
sistema de igaming promoçao,0,478,0%,4.87
sports betting software for sale,0,430,0%,24.35
mobile sportsbook software,0,396,0%,11.3
fully managed sportsbook software,0,394,0%,17.99
site:next.io,0,382,0%,3.43
sports betting and gaming technology supplier,0,379,0%,10.23
sports betting technology provider,0,366,0%,15.77
igaming tech consulting,0,362,0%,32.69
software de apostas igaming,0,360,0%,19.01
software for sports betting,0,342,0%,24.8
online sportsbook software provider,0,325,0%,20.07
online sportsbook platform,0,319,0%,17.52
turnkey sportsbook platform provider,0,316,0%,13.87
sportsbook platform features,0,304,0%,7.63
game tech befitnatic,0,302,0%,8.2
sports betting technology,0,299,0%,4.4
casino betting software,0,293,0%,20.43
sports tech,0,290,0%,38.93
sports betting platform solutions,0,286,0%,30.1
betting software,0,284,0%,24.04
proveedor de apuestas deportivas,0,283,0%,21.35
sport betting software provider,0,282,0%,24.59
provedor de software igaming,0,279,0%,23.75
create sportsbook platform,0,276,0%,5.8
sports betting technology supplier,0,273,0%,10.77
sports betting software solutions,0,265,0%,34.3
sportsbook platform software,0,263,0%,6.78
sports betting interactive tools supplier,0,234,0%,8.18
provedor de plataforma igaming,0,234,0%,18.82
sports betting system software,0,232,0%,41.48
fornecedor de software igaming,0,226,0%,18.52
sportsbook platform solutions,0,221,0%,18.75
sportsbook software platform,0,219,0%,7.42
sportsbook services,0,217,0%,24
sports book program,0,214,0%,13.05
sportsbook management tools,0,201,0%,11.47
sportsbook product,0,189,0%,38.89
gaming technology solutions,0,187,0%,25.5
sportsbook software features,0,186,0%,21.97
betting platform software,0,183,0%,23.39
software betting,0,183,0%,29.81
tecnología para igaming,0,180,0%,22.07
fully managed sportsbook,0,178,0%,23.69
sports betting solution provider,0,170,0%,34.92
sports bet software,0,167,0%,24.19
sportsbook technology,0,161,0%,5.86
sports betting platform providers,0,161,0%,20.37
2by2 gaming logo,0,158,0%,8.02
sportsbook management,0,156,0%,18.71
proveedor de tecnología para apuestas deportivas,0,155,0%,19.92
sportsbook software development,0,155,0%,69.65
sportsbook solution provider,0,150,0%,28.68
fornecedor software igaming,0,144,0%,18.96
sportsbook crm,0,142,0%,56.12
fornecedor confiável de software igaming,0,141,0%,24.21
software de sportsbook online,0,140,0%,21.93
b2b sportsbook bonus platform,0,139,0%,6.37
sportsbook betting software providers,0,137,0%,18.18
gaming tech befitnatic,0,134,0%,14.52
build sportsbook,0,133,0%,11.29
best sportsbook software,0,133,0%,11.9
igaming plataforma,0,130,0%,16.25
sportsbook providers,0,129,0%,29.27
sports betting data,0,129,0%,30.42
sportsbook management system,0,126,0%,12.9
online sportsbook-software,0,126,0%,13.56
sportsbook software free,0,124,0%,21.92
sportsbook software cost,0,122,0%,23.44
sports betting software products,0,120,0%,33.72
mobile sportsbook technology,0,118,0%,1.25
who is the ceo of unisportsichel.com,0,115,0%,8.97
retail betting software,0,115,0%,24.05
tools for sportsbook player retention,0,112,0%,11.38
online betting software,0,111,0%,21.9
gamingtec,0,110,0%,26.91
provedor de soluções para apostas esportivas,0,109,0%,24.9
sportbook solution,0,109,0%,28.95
sportsbook and casino platform,0,108,0%,12.89
buy sports betting software,0,108,0%,27.24
sportsbook llave en mano,0,107,0%,12.15
sportsbook service provider,0,107,0%,26.8
sportech,0,107,0%,36.15
solución de igaming llave en mano en venta,0,106,0%,16.1
sports betting content services,0,104,0%,36.88
sportsbook and sports betting software,0,103,0%,16.83
casino sportsbook software,0,103,0%,17.5
looking for a sportsbook platform,0,99,0%,18.23
online sportsbook solution,0,98,0%,18.26
sportbook solutions,0,98,0%,33.81
sportsbook tech tools,0,94,0%,4.46
sportsbook provider services,0,93,0%,22.01
sports betting product,0,92,0%,55.68
software betting platform,0,90,0%,18.1
software for sport betting,0,89,0%,25.44
sporting apuestas deportivas,0,88,0%,8.11
betting management software,0,88,0%,23.91
sport book software,0,87,0%,6.48
sportsbook platform customization,0,86,0%,3.01
interactive sportsbook design,0,86,0%,13.35
bets10 1120,0,85,0%,6.12
sportsbook betting software provider,0,83,0%,21.23
igaming soluções,0,82,0%,17.01
esports solutions betting,0,81,0%,21.21
sportsbook betting platform,0,80,0%,13.75
sportsbook software providers uk,0,79,0%,25.95
data betting,0,78,0%,23.51
plataforma de igaming,0,77,0%,12.29
plataformas de igaming,0,76,0%,16.84
sports and betting software solutions,0,76,0%,31.22
igaming solutions,0,76,0%,35.78
mobile betting data usage,0,75,0%,22.83
"""sportsbetting software",0,75,0%,29.8
igaming bookie software,0,72,0%,21.12
sports betting software companies,0,72,0%,22.01
igaming cms,0,71,0%,34.1
mola game casino,0,70,0%,8.14
player retention tools for sportsbooks,0,69,0%,12.99
sporting apuestas,0,69,0%,13.19
sportsbook hosting,0,69,0%,17.19
betting software services,0,69,0%,18.55
game tech group n.v.,0,69,0%,29.25
igaming platform with app,0,68,0%,12.75
solução b2b para apostas esportivas,0,68,0%,21.65
fornecedor de software de igaming online,0,67,0%,21.6
software de igaming,0,67,0%,24.46
sports betting back office system,0,66,0%,2.3
apostas esportivas b2b,0,66,0%,15.89
software for betting,0,66,0%,25.23
apuestas deportivas b2b,0,65,0%,9.31
plateforme b2b sportsbook,0,64,0%,10.03
betting software solutions,0,64,0%,18.14
comprar solución llave en mano para igaming,0,64,0%,25.56
retail sportsbook software,0,64,0%,29.88
bet management system for sportsbooks,0,63,0%,21.87
sport gaming,0,63,0%,27.48
software igaming,0,63,0%,36
bg casino,0,62,0%,8.15
tech sport,0,62,0%,20.6
betting tech,0,61,0%,17.43
evaluate the igaming company sportingtech on proveedor de casino online,0,60,0%,1.02
"evaluate the igaming company sportingtech on proveedor de software de 
apuestas deportivas",0,59,0%,1
evaluate the igaming company sportingtech on sistema de apostas esportivas,0,59,0%,1
evaluate the igaming company sportingtech on software apuestas deportivas,0,59,0%,1
evaluate the igaming company sportingtech on como hacer un casino online,0,59,0%,1.47
soluciones llave en mano de igaming en venta,0,59,0%,11.22
endorphina partnering with the gambling giant – utech games!,0,59,0%,25.27
fornecedora de soluções de igaming,0,58,0%,19.28
key features of sportsbook software,0,58,0%,38.62
"evaluate the igaming company sportingtech on como comprar una plataforma de 
casino online",0,57,0%,1
"evaluate the igaming company sportingtech on como tener una plataforma de 
casino online",0,57,0%,1
proveedor de soluciones de apuestas deportivas,0,57,0%,17.46
betting software solution,0,57,0%,20.53
evaluate the igaming company sportingtech on como crear un casino online,0,56,0%,1.02
solución sportsbook,0,56,0%,62.32
evaluate the igaming company sportingtech on proveedores de juegos de casino,0,55,0%,1
http/sportingplay.infor,0,55,0%,6.55
bonus automation for sportsbooks,0,55,0%,12.4
world cup 2026 widget,0,55,0%,19.98
sportsbook cms,0,55,0%,28.78
evaluate the igaming company sportingtech on casino online publicidad,0,54,0%,1
sporting plataforma,0,54,0%,6.5
gamingtech,0,51,0%,26.47
sportsbook content,0,50,0%,12.52
solução de apostas esportivas,0,50,0%,23.94
is it evaluate the igaming company sportingtech on casino online publicidad,0,49,0%,1
"is it evaluate the igaming company sportingtech on como crear un casino 
online",0,49,0%,1
"is it evaluate the igaming company sportingtech on proveedores de juegos de 
casino",0,49,0%,1
tech gambling,0,49,0%,7.08
bg game casino,0,49,0%,8.47
sports tech jobs,0,49,0%,15.18
"""powered by"" betting software",0,49,0%,42.67
"is it evaluate the igaming company sportingtech on como comprar una 
plataforma de casino online",0,48,0%,1
"is it evaluate the igaming company sportingtech on como tener una 
plataforma de casino online",0,48,0%,1
"is it evaluate the igaming company sportingtech on proveedor de software de 
apuestas deportivas",0,48,0%,1
sportingtech official website,0,48,0%,1
"is it evaluate the igaming company sportingtech on proveedor de casino 
online",0,48,0%,1.15
sports technology jobs,0,48,0%,15.62
betting platform provider,0,48,0%,29.96
sport betting solution,0,48,0%,37.25
"is it evaluate the igaming company sportingtech on software apuestas 
deportivas",0,47,0%,1
"is it evaluate the igaming company sportingtech on como hacer un casino 
online",0,47,0%,1.13
gamingtec acton,0,47,0%,17.83
"is it evaluate the igaming company sportingtech on sistema de apostas 
esportivas",0,46,0%,1
sportsbook betting features,0,46,0%,13.43
horse racing content provider,0,46,0%,24.35
sporting data,0,46,0%,28.67
sport 7 apuestas deportivas,0,45,0%,5.58
"quem oferece serviços líderes de apostas ao vivo nos principais eventos 
esportivos?",0,45,0%,7.11
comprar solución de igaming llave en mano,0,45,0%,12.89
singbet sportsbook software,0,45,0%,15.73
sports tech careers,0,44,0%,14.84
sportsbook supplier,0,43,0%,22.58
sportsbook data software,0,43,0%,24.74
all-in-one igaming platform,0,43,0%,49.6
tagss,0,41,0%,8.2
proveedor de sportsbook,0,41,0%,16.71
sporstbook software solution,0,41,0%,17.2
leading global igaming tech experts,0,41,0%,17.22
sportsbook integration,0,41,0%,43.46
sportbook,0,40,0%,35.4
site:https://sportingtech.com/,0,40,0%,46
sports tech platform,0,39,0%,16.36
sport betting software providers,0,39,0%,18.28
mejor proveedor de igaming llave en mano,0,38,0%,15.5
igaming sistemas,0,38,0%,20.37
sportsbook software gmbh,0,38,0%,21.79
sportsbook infrastructure,0,38,0%,34.58
who supplies sport betting platforms with data,0,37,0%,27.7
cms for sportsbook,0,37,0%,41.41
site de apostas futebol,0,37,0%,78.68
sportstech portugal,0,36,0%,5.39
soluciones de sportsbook gestión unificada múltiples ligas,0,36,0%,7.22
sports tech software solutions,0,36,0%,11.72
creedroomz live casino,0,36,0%,13.25
storm gaming technology,0,36,0%,34.08
playtech sports betting,0,36,0%,42.19
demo sports betting,0,35,0%,8.49
sportsbook technology provider,0,35,0%,18.6
igaming proveedor de soluciones llave en mano,0,35,0%,25.11
software tipo sportsbook,0,35,0%,25.34
bookmakers software,0,35,0%,29.14
compliant sports betting widgets,0,34,0%,17.76
betting platform technology,0,34,0%,22.5
betting software for bookmakers,0,34,0%,29.03
sportsbook data,0,34,0%,32.82
sportsbook con gestión completa,0,33,0%,7.91
sbtech betting software,0,33,0%,16.82
igaming technology,0,33,0%,23.91
plataforma tipo sportsbook,0,33,0%,26.21
software for betting business,0,33,0%,33.58
juice bet kenya,0,32,0%,9.16
eventos apostas esportivas,0,32,0%,14.78
soluciones llave en mano para apuestas deportivas,0,32,0%,16.78
igaming platform provider,0,32,0%,25.66
managed sportsbook,0,32,0%,27.62
managed sportsbook solution,0,32,0%,28.09
laura pett,0,31,0%,3
"is it quem oferece serviços líderes de apostas ao vivo nos principais 
eventos esportivos?",0,31,0%,7
casino platform provider,0,31,0%,15.81
servicios de proveedores de sportsbook,0,31,0%,17.58
junior tech sport,0,31,0%,23.65
software de sportsbook,0,31,0%,26.16
software igaming brasil,0,31,0%,37.13
leading supplier of sports betting data,0,31,0%,57.45
aplicación de apuestas deportivas llave en mano,0,30,0%,16.73
sportsbook betting solution,0,30,0%,18.33
sportsbook software ag,0,30,0%,24.77
jogos esportivos apostas,0,30,0%,84.33
apuestas deportivas llave en mano,0,29,0%,8.17
igaming technology provider,0,29,0%,19.45
herramientas para la retención de jugadores de sportsbook,0,29,0%,20.66
sporting solutions,0,29,0%,26.28
sports betting cms software,0,29,0%,30.17
betting technology,0,28,0%,7.93
online sportsbook provider,0,28,0%,16.32
herramientas de retención de jugadores para sportsbooks,0,28,0%,18.93
bookmaker software,0,28,0%,38.21
sports betting data provider,0,28,0%,43.75
sporting cassino,0,27,0%,6.26
demo sports betting app,0,27,0%,7.15
plataforma de apostas líder cobertura futebol ao vivo,0,27,0%,7.41
solutions for betting,0,27,0%,10.41
sportsbook solution databeet,0,27,0%,10.48
esports betting back office,0,27,0%,28.67
proveedor de soluciones para apuestas deportivas,0,27,0%,37.19
proveedor de igaming llave en mano,0,27,0%,60.26
mobile sportsbook platform,0,26,0%,5.81
provedor de sportsbook,0,26,0%,23.92
solução de gerenciamento de apostas esportivas,0,26,0%,24.08
sports technology provider,0,26,0%,24.62
software sports betting,0,26,0%,26.08
soluciones sportsbook llave en mano,0,25,0%,22.68
mobile sports betting software,0,25,0%,23.64
b2b sports betting,0,25,0%,26.72
soluciones de apuestas deportivas,0,25,0%,48.72
administrador senior,0,24,0%,5.67
software de casino,0,24,0%,15.83
betting software provider,0,24,0%,20.79
sportsbook back office software,0,24,0%,22.96
sport technologies,0,24,0%,49.96
solutions for sportsbook,0,24,0%,50.29
tech casino,0,23,0%,17
tools for sportsbook acquisition,0,23,0%,21.7
backoffice for online casino,0,23,0%,22.43
provedor de apostas esportivas,0,23,0%,23.48
software profissional igaming,0,23,0%,25.35
bet configuration software for sportsbooks,0,23,0%,25.78
πρακτορεία στοιχημάτων esport,0,23,0%,52.17
is it ¿qué empresa vende sistemas de apuestas deportivas llave en mano?,0,22,0%,7.36
igaming plataforma llave en mano,0,22,0%,11.91
apuestas deportes electronicos,0,22,0%,13.68
opções de apostas personalizáveis,0,22,0%,15.18
tecnologia de igaming,0,22,0%,16.55
sposrtsbook software provider,0,22,0%,17.91
tecnologías para igaming,0,22,0%,18
igaming soluciones llave en mano,0,22,0%,18.23
betting software providers,0,22,0%,22.91
sportsbook platform services,0,22,0%,23.91
igaming software,0,22,0%,37.91
apostas esportivas 24,0,21,0%,16.33
plataforma b2b de apostas esportivas,0,21,0%,17.43
odds generation software for sportsbooks,0,21,0%,21.71
igaming products,0,21,0%,23.24
data sports betting,0,21,0%,37.24
apostas desportivas,0,21,0%,59.76
"""rigord"" ""territoriality""",0,20,0%,3.65
gambling tech,0,20,0%,9
sportsbook system,0,20,0%,12.75
sportsbook trading platform,0,20,0%,15.5
creedroomz live,0,20,0%,18.4
mejor proveedor de soluciones llave en mano para igaming,0,20,0%,24.75
betmakers,0,20,0%,25.3
proveedor igaming,0,20,0%,40.15
best sportsbook software providers,0,19,0%,13.84
mobile betting software provider,0,19,0%,18.47
sistema de igaming promoções,0,19,0%,21.05
sports bookie software providers,0,19,0%,23
dealer sportsbook,0,19,0%,23.47
casino back office,0,19,0%,25.53
betting shop software,0,19,0%,36.21
configuration des bonus en back-end sportsbook,0,18,0%,12.67
b2b sportsbook provider,0,18,0%,13.89
juicebet app,0,18,0%,14.61
create a sportsbook,0,18,0%,16.22
provedor de plataforma de sportsbook,0,18,0%,16.33
sports betting supplier,0,18,0%,17.17
software sportsbook online,0,18,0%,17.61
digital betting software platform,0,18,0%,19.67
igaming llave en mano,0,18,0%,20.83
sports betting technology company,0,18,0%,30.22
is juice bet legit,0,18,0%,31.72
sports betting sportsbook,0,18,0%,34.5
casino sportingtech,0,17,0%,1
sporting it,0,17,0%,7.24
juicebet registration,0,17,0%,8.35
juice bet,0,17,0%,8.71
sportsbook bonus system software,0,17,0%,12.65
sportstech,0,17,0%,12.65
sportsbook mobile tools,0,17,0%,15.29
plataformas flexibles para gestionar apuestas,0,17,0%,18.18
creedroomz casino,0,17,0%,24.47
igamingtech,0,17,0%,25.35
desenvolvimento de software para igaming,0,17,0%,25.82
creedroomz ao vivo,0,17,0%,29.47
sportsbook solutions provider,0,17,0%,34.47
apostas desportivas ao vivo,0,17,0%,37
site:sportingtech.com,0,17,0%,46.88
soluciones tipo sportsbook,0,17,0%,47.47
igaming updates,0,17,0%,61.88
betting platforms that offer cash out and bet builder tools,0,16,0%,4.19
sprotsbook platform,0,16,0%,5.69
mobile betting software,0,16,0%,14.88
sportsbook mobile performance,0,16,0%,16.38
casino sportsbook technology provider,0,16,0%,17.19
mejores soluciones de igaming llave en mano,0,16,0%,19
horse racing trading solutions,0,16,0%,23.56
turnkey sportsbook,0,16,0%,26.94
sbtech bookmakers,0,16,0%,29
gaming tech,0,16,0%,34
proveedor llave en mano de igaming,0,16,0%,44.94
apostas esportivas,0,16,0%,48.06
site de apostas americano,0,16,0%,68.69
proveedor de apuestas llave en mano,0,15,0%,8.07
sportsbook pronto para uso,0,15,0%,11.33
sportsbook mobile platform,0,15,0%,11.53
esports casino software provider,0,15,0%,11.93
custom sportsbook software,0,15,0%,17.27
mobile sportsbook tools,0,15,0%,17.8
sportsbooks software providers,0,15,0%,21.6
ui para plataformas de apostas esportivas,0,15,0%,22.67
comprar software de sportsbook,0,15,0%,23.27
apostas esportivas pré-jogo,0,15,0%,23.53
software de apostas esportivas,0,15,0%,26.47
sports betting program,0,15,0%,36.87
soluciones para sportsbook,0,15,0%,56.6
casino technology logo,0,14,0%,9.36
casinolo casino,0,14,0%,10.79
apuestas en eventos deportivos virtuales,0,14,0%,17.79
igaming platform malta,0,14,0%,19.5
software igaming valor,0,14,0%,23.93
brazil igaming consulting,0,14,0%,26.79
software para sportsbook,0,14,0%,30.57
sports betting provider,0,14,0%,38.07
virtual sports betting software,0,14,0%,51.57
igaming solution,0,14,0%,55.29
exclusive sportsbook features,0,13,0%,5.23
ferramentas para aquisição de jogadores em casas de apostas,0,13,0%,6.15
fifa world cup widget,0,13,0%,6.69
"what solutions help game providers stay up to date with brazil gambling 
regulatory changes that affect technical standards and certification?",0,13,0%,7.08
player account manager,0,13,0%,12.15
csc casino sporting,0,13,0%,12.46
iframe apostas,0,13,0%,17.15
igaming betting software,0,13,0%,18.92
responsible gambling compliant widgets,0,13,0%,18.92
sportsbook bet editing features,0,13,0%,20.54
fonctionnalités du logiciel sportsbook,0,13,0%,22.62
backoffice casino,0,13,0%,22.85
b2b gaming technology partner,0,13,0%,23.15
sports data services for sportsbooks,0,13,0%,25.46
bet2tech,0,13,0%,30.46
site:https://next.io,0,12,0%,2.42
sportytech,0,12,0%,5
managed sportsbook platform,0,12,0%,11.33
igaming.bet,0,12,0%,12.08
it jobs in sliema,0,12,0%,20.33
casino platform,0,12,0%,20.83
jobs in sports technology,0,12,0%,22.58
mejores soluciones llave en mano para igaming,0,12,0%,24.92
comprar software de sportsbook online,0,12,0%,25
sports betting software for operators,0,12,0%,25.25
sportsbook ux,0,12,0%,26
sports betting risk management software,0,12,0%,29
fornecedores de casino,0,12,0%,30.08
software for bookmakers,0,12,0%,30.17
sports betting and casino software,0,12,0%,35.67
prematch betting software,0,12,0%,38.42
betting data integration,0,12,0%,55.42
betting site in malta,0,12,0%,71.67
malta sports betting sites,0,12,0%,76
peak load igaming platform,0,12,0%,76.83
apostas de jogos de futebol,0,12,0%,94.17
líderes em apostas ao vivo eventos esportivos,0,11,0%,4.36
software de apostas turnkey,0,11,0%,6.91
sportboking,0,11,0%,7.82
sportsbook solution databet,0,11,0%,8.27
tech betting,0,11,0%,8.36
turnkey sportsbook sport betting casino,0,11,0%,9
sporting careers,0,11,0%,9.09
juicebet mobile,0,11,0%,15.73
automated trading sportsbook,0,11,0%,16.64
integrated horse racing data feeds,0,11,0%,17.36
plateforme sportsbook,0,11,0%,20.91
sportsbook content management,0,11,0%,24.73
casino online software,0,11,0%,39.55
sporttech,0,11,0%,41
sports betting software development,0,11,0%,59.36
tel bet casino,0,11,0%,66.09
sports betting sites in malta,0,11,0%,72.64
proveedor b2b de igaming,0,11,0%,74.18
online sportsbook,0,11,0%,79.73
apostas de futebol,0,11,0%,90.45
casino sportingtech com,0,10,0%,1
storage-prod.sporty-tech.net,0,10,0%,4.5
casinolo casino es,0,10,0%,6.8
sporting software,0,10,0%,7.9
engineering team lead,0,10,0%,9.2
gamblingtech,0,10,0%,9.7
mobile-first sportsbook,0,10,0%,10.5
software de bookie para igaming,0,10,0%,11.9
sporting t,0,10,0%,13.4
turnkey sportsbook software,0,10,0%,13.4
sportsbook platform license,0,10,0%,16.8
piattaforma sportsbook b2b,0,10,0%,19.5
sportsbook cloud,0,10,0%,20
sportsbook software for operators,0,10,0%,22.1
apostas,0,10,0%,24.3
betting technology provider,0,10,0%,25.8
data for sports betting,0,10,0%,28.2
betting data,0,10,0%,29.9
sports betting machines,0,10,0%,32.4
sportingbet poker,0,10,0%,35.2
sports bets software,0,10,0%,39
sports data for betting,0,10,0%,40.2
which statistic is most important from a bookmaker's point of view?,0,9,0%,5
award-winning igaming provider,0,9,0%,5.67
sportsbook bonus management system,0,9,0%,5.67
sportsbook experience,0,9,0%,9.22
software de casino online free,0,9,0%,10.78
sport tikish,0,9,0%,13.89
soluciones de apuestas deportivas llave en mano,0,9,0%,18.11
betting widgets,0,9,0%,19.33
interfaccia utente per sportsbook,0,9,0%,19.67
plataforma de casino,0,9,0%,22.78
mobile sportsbook features,0,9,0%,24.11
sports betting content supplier,0,9,0%,24.78
software de sportsbook à venda,0,9,0%,25
sporting io,0,9,0%,25
site de apostas,0,9,0%,30.67
tech sports,0,9,0%,37.11
playtech sports,0,9,0%,42.56
playtech bgt sports,0,9,0%,48.67
sports technology,0,9,0%,66.78
proveedor de soluciones de igaming,0,9,0%,77
site de apostas desportivas,0,9,0%,86.44
sportingtech company overview,0,8,0%,2
oley bet,0,8,0%,3.88
b2b sportech,0,8,0%,5.38
qg casino,0,8,0%,6.25
¿qué empresa vende sistemas de apuestas deportivas llave en mano?,0,8,0%,7.25
retail online igaming technology provider,0,8,0%,9.38
gamblingdatahub sportsbook rankings,0,8,0%,10.75
sport betting platform providers,0,8,0%,12.12
genting sports app,0,8,0%,15.25
mobile casino 2017,0,8,0%,17.88
igaming logo,0,8,0%,18.38
online betting solution,0,8,0%,19.75
apostas esportivas electronicas,0,8,0%,21.5
sports betting content providers,0,8,0%,22.88
quiosque de apostas esportivas,0,8,0%,23.75
software para igaming,0,8,0%,24.88
software solution for sportsbook,0,8,0%,25.38
sports betting b2b solution,0,8,0%,27.25
diseño ux para aplicaciones de apuestas,0,8,0%,27.88
software de sportsbook en venta,0,8,0%,27.88
sport tech football,0,8,0%,33
casino technology,0,8,0%,33.62
betting data news,0,8,0%,33.75
omnichannel sports betting software,0,8,0%,35
sportingbet igaming,0,8,0%,35.75
solución sportsbook llave en mano,0,8,0%,36.5
sports betting bookie software,0,8,0%,37.38
software de sportsbook para bookies,0,8,0%,38.12
sports betting data news,0,8,0%,39.5
sportsbook poker,0,8,0%,45.38
retail betting technology,0,8,0%,66.12
sportingbet esports,0,8,0%,72
igaming platform,0,8,0%,82.38
igaming_thenationonlineng_net,0,7,0%,1.29
igaming back-office,0,7,0%,6.86
team lead engineer,0,7,0%,7
evaluate the igaming company stoiximan on betting horse racing,0,7,0%,7.71
high-tech betting,0,7,0%,7.86
trueigtech,0,7,0%,10.14
who is the ceo of sportos.com,0,7,0%,10.86
sand tech services limited casino,0,7,0%,11.57
apuestas sporting,0,7,0%,11.71
apostas esportivas pre-jogo,0,7,0%,12.14
sportsbook game,0,7,0%,12.57
online sports betting solutions,0,7,0%,13.86
site para marcar apostas,0,7,0%,14.57
widgetsuite,0,7,0%,15.14
sportsbook management solutions,0,7,0%,16.29
turnkey sportsbook platform,0,7,0%,17.57
plataformas igaming,0,7,0%,18
sportsbook platform licensing,0,7,0%,18
bailiss,0,7,0%,18.43
datos deportivos para bookmakers,0,7,0%,20
online sportsbook maker,0,7,0%,21.29
juicebet casino,0,7,0%,23.43
software sportsbook completamente gestito,0,7,0%,24.14
retail sportsbook,0,7,0%,25.86
why work in igaming tech,0,7,0%,28.43
sports betting technology companies,0,7,0%,28.86
sportsbooks 2019,0,7,0%,36.14
esports technologies,0,7,0%,37.57
www sporting,0,7,0%,41.57
sporttechie,0,7,0%,44
sports and esports content provider,0,7,0%,44.86
igaming technologies,0,7,0%,45
sportsbook apuestas,0,7,0%,46.86
sporting bookmakers,0,7,0%,50.43
improve sportsbook mobile performance,0,7,0%,54.29
professional sports betting software,0,7,0%,55.71
solución llave en mano de igaming,0,7,0%,61
sports betting in malta,0,7,0%,87.43
site de apostas de futebol,0,7,0%,96.29
backoffice sport,0,6,0%,4.83
evaluate the igaming company pamestoixima on betting horse racing,0,6,0%,5.67
sporty tech,0,6,0%,6
is it what sportsbooks allow custom world cup bet builders?,0,6,0%,7
sport mais apostas,0,6,0%,7.5
pollas deportivas,0,6,0%,7.67
sporting apuesta,0,6,0%,8.17
spoortsbook solution databet,0,6,0%,9.33
odds information collection,0,6,0%,9.5
betcore backoffice,0,6,0%,10.17
odds tech,0,6,0%,10.17
casa de i gaming,0,6,0%,10.67
app sporting,0,6,0%,11.83
"rigord ""territoriality""",0,6,0%,13.5
stands a medida sbc summit,0,6,0%,15.67
plataforma de igaming llave en mano,0,6,0%,18.33
sportsbetting hosting,0,6,0%,18.83
logiciel de plateforme sportsbook,0,6,0%,19.5
casino gaming software,0,6,0%,20
csc sporting casino,0,6,0%,20.67
sportsbook trading tools,0,6,0%,22.33
herramientas de ajuste de apuestas para operadores,0,6,0%,23.83
sportsbook site:https://sportingtech.com/,0,6,0%,26
казино технологии,0,6,0%,27.5
betting software platform,0,6,0%,27.67
fully managed sportsbook solution,0,6,0%,28.5
introducing sportsbook,0,6,0%,30
sportsbook development,0,6,0%,30
sporttech io,0,6,0%,31.5
sports betting agent software system,0,6,0%,31.67
metric gaming technologies llc,0,6,0%,36.17
preço do software para igaming,0,6,0%,36.67
sportsbook agent,0,6,0%,37.83
apuestas deportivas,0,6,0%,39.67
activité sportsbook,0,6,0%,39.83
promotional tools for sportsbook operators,0,6,0%,44
betmakers technology group,0,6,0%,44.17
retail bookmaker software,0,6,0%,45
sportsbook payments software,0,6,0%,46
soluciones igaming,0,6,0%,52.5
tech and sports,0,6,0%,53.67
tote pool integration igaming,0,6,0%,62.67
cómo elegir el mejor software llave en mano para igaming,0,6,0%,63.83
software de igaming llave en mano,0,6,0%,65.33
igaming,0,6,0%,83.83
sportingtech casino,0,5,0%,1
"""sportingtech"" -site:reddit.com -site:twitter.com -site:x.com 
-site:wykop.pl -site:tripadvisor.com -site:youtube.com -site:yelp.com 
-site:booking.com -site:facebook.com -site:instagram.com -site:tiktok.com",0,5,0%,2.2
igaming back office,0,5,0%,5.2
befitnatic game tech,0,5,0%,6.6
total sport tek,0,5,0%,7
malta gaming authority vacancies,0,5,0%,7.4
sport tech live,0,5,0%,7.4
total sport tech,0,5,0%,7.4
sporttig,0,5,0%,7.6
apuestas next,0,5,0%,8.2
sportigon,0,5,0%,8.2
customizable sportsbook bonus system,0,5,0%,8.4
sportsbook solution databett,0,5,0%,8.4
para qué sirve el sporting,0,5,0%,9.4
mga vacancies,0,5,0%,10.2
qual é o melhor fornecedor de sportsbook?,0,5,0%,11
aposta desportivas,0,5,0%,12
"the statistics betting data guide helps with valorant wagering and lotto 
participation on the platform",0,5,0%,12
спорт тех,0,5,0%,14.4
contratar empresa igaming,0,5,0%,15
sporting systems,0,5,0%,16
sportsbook design,0,5,0%,16.4
plataforma b2b de bônus para sportsbook,0,5,0%,17.2
sports betting management software,0,5,0%,17.8
software de apostas esportivas à venda,0,5,0%,20
provedor de software para igaming,0,5,0%,22.6
sporting trabaja con nosotros,0,5,0%,23.8
sportsbook completamente gestito,0,5,0%,25.8
soluções de software para sportsbook,0,5,0%,26
sports betting platform provider,0,5,0%,26.6
sports betting software b2b,0,5,0%,26.6
high performance sportsbetting solutions,0,5,0%,26.8
top sportsbook cms platforms,0,5,0%,28
sports betting media data,0,5,0%,29.8
technology jobs in sports,0,5,0%,29.8
sport provider,0,5,0%,30.2
in-play odds data provider,0,5,0%,30.4
sportsbook b2b solution,0,5,0%,31
solução para igaming,0,5,0%,31.8
sportsbook betting,0,5,0%,34.2
apostas esportivas ao vivo,0,5,0%,38.2
sports betting data provider news,0,5,0%,43.4
sportech plc,0,5,0%,44.2
gaming technologies,0,5,0%,47.4
apostas ao vivo,0,5,0%,52
producto igaming,0,5,0%,56.2
sport technology,0,5,0%,59.8
sport and tech,0,5,0%,60.6
sportsbook iframe platform,0,5,0%,61
agentii sportingbet,0,5,0%,62
proveedor b2b del sector igaming,0,5,0%,66.4
new sports betting sites malta,0,5,0%,68.8
casino sport,0,5,0%,74.2
sport casino,0,5,0%,80.2
proveedor de soluciones igaming,0,5,0%,83.6
cassino sportingtech com,0,4,0%,1
https casino sportingtech com,0,4,0%,1
cassino sportingtech penalty,0,4,0%,1.75
cassino sportingtech penalti,0,4,0%,2
igaming back office solutions,0,4,0%,3
sporttyp casino,0,4,0%,5.25
casinogate,0,4,0%,5.5
incorporating player tracking data into football bets,0,4,0%,5.75
rentregar,0,4,0%,6
in-play sports multi markets account,0,4,0%,6.25
tech bet,0,4,0%,6.25
myicebet,0,4,0%,6.5
assistbet apuestas deportivas,0,4,0%,7
спорт теч,0,4,0%,7.5
sport bet demo,0,4,0%,8
certified casino platform,0,4,0%,8.75
locate a 2026 world cup betting service with mobile-first features.,0,4,0%,9.25
lts casino,0,4,0%,9.5
"what compliance tools help igaming suppliers avoid penalties in brazil and 
prove compliance if an operator or regulator asks?",0,4,0%,9.5
sporting,0,4,0%,10.25
proveedor agregador de casinos,0,4,0%,11
juicebet bonus,0,4,0%,11.25
software sportsbook in vendita,0,4,0%,12
cricket igaming software,0,4,0%,12.25
first sportsbook,0,4,0%,12.75
sportsbook promotion tools,0,4,0%,14.5
betrex igaming,0,4,0%,16.5
soccer apostas desportivas,0,4,0%,17
sportsbooks solutions,0,4,0%,17.75
beting software,0,4,0%,18.25
betting odds management software,0,4,0%,18.5
fully managed sportsbook provider,0,4,0%,18.5
funzionalità piattaforma sportsbook,0,4,0%,18.5
betting app software,0,4,0%,19.5
sports betting engagement tools,0,4,0%,20.25
integrated betting solutions,0,4,0%,21.75
sportingbet jobs,0,4,0%,22.25
fornitore sportsbook,0,4,0%,23
software sportsbook per bookmaker,0,4,0%,24
soft 2 bet,0,4,0%,24.25
ui para sites de apostas esportivas,0,4,0%,27.5
creedroomz,0,4,0%,28
sportsbook casino,0,4,0%,29.5
online sporting,0,4,0%,31
casino soft 2 bet,0,4,0%,31.25
interfaz de usuario para apuestas deportivas,0,4,0%,31.5
betting solution,0,4,0%,32
world cup 2026 scoreboard widget,0,4,0%,32.25
serviços de provedores de sportsbook,0,4,0%,33.5
sportsbook marketing technology,0,4,0%,33.5
readymade betting software,0,4,0%,34.5
online sportsbook platform for startups,0,4,0%,37.5
casino cross-vertical promotion tools,0,4,0%,38.5
betting shop software platform,0,4,0%,41.5
sports techie,0,4,0%,43.75
sports betting technology for player acquisition and retention,0,4,0%,45
e sporting,0,4,0%,46.25
sporting bet cyprus,0,4,0%,49
sports technologist,0,4,0%,49.25
foxium provider,0,4,0%,49.5
esport technologies,0,4,0%,52.5
apostas esportiva,0,4,0%,54.5
sports technical,0,4,0%,59.75
total gaming casino,0,4,0%,67.75
las mejores soluciones b2b para igaming,0,4,0%,68
mga betting sites,0,4,0%,68.5
sports technologies,0,4,0%,69.25
soluções de plataforma de apostas esportivas,0,4,0%,70.25
sports governance technology solutions,0,4,0%,88.75
turnkey esports betting software,0,4,0%,92.75
sportingtech cassino,0,3,0%,1
"what role does technology play in enhancing sportsbook services?. my 
location is united states.",0,3,0%,1.33
da,0,3,0%,2
lindau gaming brasil,0,3,0%,3.67
oleybet logo,0,3,0%,4
"""rigord"" ""territoriality"" or ""personality of the law""",0,3,0%,4.33
cassino jogos sporting,0,3,0%,4.33
fifa world cup 2026 widget,0,3,0%,4.33
hightechbetting,0,3,0%,4.33
sport tech online,0,3,0%,4.67
sudingtech,0,3,0%,5.33
juice bet register,0,3,0%,5.67
bet office,0,3,0%,6
which betting platforms offer cash out and bet builder tools?,0,3,0%,6.33
sporting casa de apuestas,0,3,0%,6.67
casino-hipsters.info,0,3,0%,8
juegos sporting,0,3,0%,8.67
sporting risk,0,3,0%,8.67
total sports teck,0,3,0%,8.67
igaming tech,0,3,0%,9
sptpub.com,0,3,0%,9
techgambling,0,3,0%,9.33
fornecedor de sportsbook,0,3,0%,9.67
devops senior,0,3,0%,10
igaming news today,0,3,0%,10
games tech befitnatic,0,3,0%,10.33
proveedores software apuestas deportivas llave en mano,0,3,0%,10.33
sportingwin mobile,0,3,0%,11.33
igaming sports betting software provider,0,3,0%,11.67
back office casino,0,3,0%,12.33
new casino,0,3,0%,12.33
new casino august 2020,0,3,0%,12.33
sporting et,0,3,0%,12.67
sportsbook tv,0,3,0%,13.33
apuestas en eventos deportivos en tiempo real,0,3,0%,13.67
sportsbook malta,0,3,0%,13.67
sportsbook operator,0,3,0%,13.67
live betting software,0,3,0%,14.33
best sportsbook software provider,0,3,0%,14.67
funcionalidades da plataforma de sportsbook,0,3,0%,15.67
sportstech jobs,0,3,0%,15.67
betting platform solutions,0,3,0%,16
demo betting app,0,3,0%,16
sbc rio,0,3,0%,16
sporting net,0,3,0%,16
funciones de la plataforma de sportsbook,0,3,0%,17.33
technical account manager igaming,0,3,0%,17.33
betassist,0,3,0%,17.67
casino plataforma,0,3,0%,18
opciones de apuestas personalizables,0,3,0%,18.33
sbtech bahis siteleri,0,3,0%,19
bonus rules engine sportsbook software,0,3,0%,19.33
customised betting experience,0,3,0%,20
sbtech bahis sitesi,0,3,0%,20.33
gestionar bonos de sportsbook,0,3,0%,21.33
sports handicapping software,0,3,0%,23.67
sports betting content,0,3,0%,24.33
best online casino partners,0,3,0%,25.33
sportsbook feeds,0,3,0%,25.67
bookmaker content supplier,0,3,0%,26
malta betting apps,0,3,0%,26.33
sports betting content provider,0,3,0%,27.67
b2b sportsbook solution,0,3,0%,29
sportig,0,3,0%,29
mobile first igaming platform,0,3,0%,29.33
agregador de casinos,0,3,0%,29.67
igaming psp software,0,3,0%,30
official data partnership bettech provider,0,3,0%,33
reduce sportsbook cpa with intent data,0,3,0%,33.33
casino solutions demo,0,3,0%,34.67
casino games provider,0,3,0%,35.33
sportingbet licenta romania,0,3,0%,35.33
mobile solution for betting,0,3,0%,35.67
sport tecnología,0,3,0%,37.67
gaming technology,0,3,0%,39.33
spoting,0,3,0%,42.33
sports tech football,0,3,0%,44.33
digital sports tech,0,3,0%,50
playtech careers,0,3,0%,50.33
sports betting frontend,0,3,0%,50.67
onetouch igaming products,0,3,0%,52.33
sportsbook software developers,0,3,0%,54.67
mobile sportsbook growth,0,3,0%,55.33
sportsbook data integration,0,3,0%,55.33
sports tech company,0,3,0%,55.67
sportsbook software development solutions,0,3,0%,57
sports betting backend,0,3,0%,60.67
online betting software providers,0,3,0%,61
sportsbook tournament software,0,3,0%,63
казино платформа,0,3,0%,63.67
unique live casino,0,3,0%,64
casino games software,0,3,0%,64.67
solución de igaming llave en mano,0,3,0%,67
sports betting iframe,0,3,0%,67
soluções de apostas esportivas,0,3,0%,87.67
sportechs,0,3,0%,89
servicios de redacción de contenidos para apuestas deportivas,0,3,0%,89.33
betting solutions,0,3,0%,93.33
estágio,0,2,0%,1
"evaluate the sports betting media & data company sports insights on casino 
offers",0,2,0%,1
qg.bet,0,2,0%,1.5
sahibi kim,0,2,0%,1.5
world cup widgets,0,2,0%,1.5
yes,0,2,0%,1.5
gaming durostech,0,2,0%,2
sportteh,0,2,0%,2.5
total sports tech,0,2,0%,4
cyprus sporting casino login app,0,2,0%,4.5
is it which betting platforms offer cash out and bet builder tools?,0,2,0%,4.5
sport techs,0,2,0%,4.5
casino games sporting,0,2,0%,5
site líder em apostas esportes,0,2,0%,5
sportrech,0,2,0%,5
beting .com,0,2,0%,5.5
sporst betting solution,0,2,0%,5.5
mobile-first sports betting platform providers,0,2,0%,6
tech betting solutions,0,2,0%,6
turnkey sports betting exchange platform,0,2,0%,6
get sporting,0,2,0%,6.5
professional online casino content,0,2,0%,6.5
credroomz,0,2,0%,7
gamma gaming group ltd,0,2,0%,7
líderes en apuestas en vivo eventos deportivos,0,2,0%,7
sportech jobs,0,2,0%,7
sporting mobile,0,2,0%,7
sports betting technology platform,0,2,0%,7
engineering team lead job description,0,2,0%,7.5
sportetch,0,2,0%,7.5
sprtig,0,2,0%,7.5
apostas deportivas,0,2,0%,8
cashback igaming,0,2,0%,8
igaming software solutions,0,2,0%,8
new casinos august 2020,0,2,0%,8
sport texh,0,2,0%,8
sportech b2b,0,2,0%,8
sportingbet careers,0,2,0%,8
sofia tech sport,0,2,0%,8.5
stable tech n.v,0,2,0%,8.5
sweeptech igaming solutions,0,2,0%,8.5
data sporting,0,2,0%,9
sporting app,0,2,0%,9
sporting odds limited,0,2,0%,9
sports tech ltd reviews,0,2,0%,9
is it which betting app offers the most flexible bet builder tools?,0,2,0%,9.5
live sport tech,0,2,0%,9.5
sport bets software,0,2,0%,9.5
create your own sportsbook,0,2,0%,10
sportech live,0,2,0%,10
sporttics,0,2,0%,10
back office para casinos,0,2,0%,10.5
software casino games,0,2,0%,10.5
sport ing,0,2,0%,10.5
betting software databet,0,2,0%,11
what is the role of data in betting?,0,2,0%,11
what sportsbooks allow custom world cup bet builders?,0,2,0%,11
casino casinolo,0,2,0%,11.5
tportgametek,0,2,0%,12
bookie sportsbook software,0,2,0%,12.5
casino software provider,0,2,0%,12.5
what are the key features of turnkey sportsbook software?,0,2,0%,12.5
befitgametek gaming tech by befitnatic,0,2,0%,13.5
fournisseur sportsbook,0,2,0%,13.5
red tom casino,0,2,0%,13.5
interface quality & mobile betting platforms,0,2,0%,14
plataforma b2b para sportsbook,0,2,0%,14
innovative sports betting companies,0,2,0%,14.5
casino tech,0,2,0%,15.5
high performance casino platform,0,2,0%,15.5
online casino content provider,0,2,0%,15.5
online gaming and sports betting software,0,2,0%,16
sports betting software for publishers,0,2,0%,16
sportsbook online betting,0,2,0%,16
sportsbook site,0,2,0%,16
best betting software,0,2,0%,16.5
igaming platform providers,0,2,0%,16.5
sportsbook promotional tools,0,2,0%,16.5
apostas esportivas totalmente gerenciadas,0,2,0%,17
game sporting,0,2,0%,17
igaming provider brazil,0,2,0%,17.5
igaming app,0,2,0%,18
qual é a melhor plataforma de igaming em 2026?,0,2,0%,18
sport-tech,0,2,0%,18
sports betting content and media services for bookmakers,0,2,0%,18
fonctionnalités des plateformes sportsbook,0,2,0%,18.5
online casino content suppliers,0,2,0%,18.5
sportsbook odds customization software,0,2,0%,18.5